21:35:41.142,8,RECEIVE,8,110
21:35:43.421,7,RECEIVE,10,164
21:35:44.991,5,RECEIVE,12,115
21:35:46.322,8,RECEIVE,13,136
21:35:47.433,5,RECEIVE,14,125
21:35:48.323,14,RECEIVE,15,123
21:35:49.224,7,RECEIVE,15,183
21:35:50.36,6,RECEIVE,16,99
21:35:50.834,2,RECEIVE,17,120
21:35:51.419,2,RECEIVE,17,111
21:35:52.40,13,RECEIVE,18,167
21:35:52.587,16,RECEIVE,19,153
21:35:53.226,7,RECEIVE,19,181
21:35:53.686,20,RECEIVE,20,92
21:35:54.231,18,RECEIVE,20,128
21:35:54.737,16,RECEIVE,20,103
21:35:55.140,16,RECEIVE,21,143
21:35:55.637,3,RECEIVE,21,175
21:35:56.3,20,RECEIVE,22,153
21:35:56.443,4,RECEIVE,22,168
21:35:56.849,15,RECEIVE,22,167
21:35:57.232,18,RECEIVE,23,104
21:35:57.641,21,RECEIVE,23,151
21:35:57.951,6,RECEIVE,23,109
21:35:58.332,1,RECEIVE,24,137
21:35:58.745,22,RECEIVE,24,156
21:35:59.48,22,RECEIVE,24,113
21:35:59.297,18,RECEIVE,25,181
21:35:59.741,18,RECEIVE,25,169
21:36:0.37,8,RECEIVE,25,172
21:36:0.241,22,RECEIVE,25,126
21:36:0.636,6,RECEIVE,26,166
21:36:0.941,6,RECEIVE,26,122
21:36:1.140,2,RECEIVE,26,158
21:36:1.462,2,RECEIVE,27,104
21:36:1.785,11,SEND,27,155
21:36:2.54,20,RECEIVE,27,170
21:36:2.253,5,RECEIVE,27,153
21:36:2.530,20,RECEIVE,28,130
21:36:2.855,22,RECEIVE,28,114
21:36:3.52,12,RECEIVE,28,112
21:36:3.332,12,RECEIVE,28,131
21:36:3.546,22,RECEIVE,28,182
21:36:3.796,2,RECEIVE,29,120
21:36:4.46,18,RECEIVE,29,146
21:36:4.238,12,RECEIVE,29,87
21:36:4.530,1,RECEIVE,29,121
21:36:4.772,8,RECEIVE,30,99
21:36:4.959,11,RECEIVE,30,181
21:36:5.160,13,RECEIVE,30,173
21:36:5.441,14,RECEIVE,30,123
21:36:5.637,3,RECEIVE,30,96
21:36:5.803,1,RECEIVE,31,171
21:36:6.21,13,RECEIVE,31,148
21:36:6.265,17,RECEIVE,31,185
21:36:6.459,12,RECEIVE,31,135
21:36:6.662,15,RECEIVE,31,124
21:36:6.862,14,RECEIVE,31,126
21:36:7.17,20,RECEIVE,32,115
21:36:7.245,11,RECEIVE,32,144
21:36:7.446,27,RECEIVE,32,99
21:36:7.670,25,RECEIVE,32,170
21:36:7.866,31,RECEIVE,32,158
21:36:8.51,20,RECEIVE,33,166
21:36:8.185,15,SEND,33,97
21:36:8.355,21,RECEIVE,33,145
21:36:8.552,11,RECEIVE,33,104
21:36:8.760,21,RECEIVE,33,90
21:36:8.964,4,RECEIVE,33,127
21:36:9.76,13,RECEIVE,33,165
21:36:9.278,5,RECEIVE,34,145
21:36:9.463,18,RECEIVE,34,157
21:36:9.656,19,RECEIVE,34,97
21:36:9.879,32,RECEIVE,34,128
21:36:9.966,12,RECEIVE,34,129
21:36:10.179,23,RECEIVE,34,176
21:36:10.267,5,RECEIVE,35,86
21:36:10.418,27,RECEIVE,35,125
21:36:10.664,20,RECEIVE,35,149
21:36:10.868,21,RECEIVE,35,164
21:36:10.948,14,RECEIVE,35,86
21:36:11.140,5,RECEIVE,35,164
21:36:11.251,13,RECEIVE,35,91
21:36:11.475,36,RECEIVE,36,120
21:36:11.611,5,RECEIVE,36,90
21:36:11.763,12,RECEIVE,36,94
21:36:11.978,29,RECEIVE,36,178
21:36:12.37,4,RECEIVE,36,151
21:36:12.177,32,RECEIVE,36,171
21:36:12.361,25,RECEIVE,36,159
21:36:12.455,34,RECEIVE,37,113
21:36:12.627,14,RECEIVE,37,115
21:36:12.875,26,RECEIVE,37,139
21:36:12.952,22,RECEIVE,37,168
21:36:13.76,25,RECEIVE,37,115
21:36:13.259,34,RECEIVE,37,128
21:36:13.368,5,RECEIVE,37,108
21:36:13.540,16,RECEIVE,38,161
21:36:13.725,35,RECEIVE,38,119
21:36:13.886,33,RECEIVE,38,98
21:36:13.959,2,RECEIVE,38,112
21:36:14.60,36,RECEIVE,38,132
21:36:14.243,31,RECEIVE,38,137
21:36:14.400,1,RECEIVE,38,174
21:36:14.477,4,RECEIVE,38,168
21:36:14.569,2,RECEIVE,38,134
21:36:14.789,1,SEND,39,114
21:36:14.883,36,RECEIVE,39,178
21:36:15.48,35,RECEIVE,39,163
21:36:15.168,15,RECEIVE,39,119
21:36:15.287,8,RECEIVE,39,143
21:36:15.451,39,RECEIVE,39,180
21:36:15.569,30,RECEIVE,39,174
21:36:15.655,13,RECEIVE,39,86
21:36:15.883,18,RECEIVE,40,163
21:36:15.953,4,RECEIVE,40,172
21:36:16.33,20,RECEIVE,40,153
21:36:16.169,39,RECEIVE,40,114
21:36:16.269,15,RECEIVE,40,115
21:36:16.455,40,RECEIVE,40,103
21:36:16.571,25,RECEIVE,40,179
21:36:16.685,26,RECEIVE,40,156
21:36:16.774,18,RECEIVE,40,163
21:36:16.888,2,RECEIVE,40,119
21:36:17.17,4,RECEIVE,40,143
21:36:17.171,16,RECEIVE,40,105
21:36:17.267,37,RECEIVE,40,110
21:36:17.388,29,RECEIVE,40,106
21:36:17.554,2,RECEIVE,40,108
21:36:17.668,26,RECEIVE,40,154
21:36:17.747,15,RECEIVE,40,101
21:36:17.887,32,SEND,40,100
21:36:18.13,2,RECEIVE,40,93
21:36:18.159,29,RECEIVE,40,136
21:36:18.247,30,RECEIVE,40,135
21:36:18.386,11,RECEIVE,40,161
21:36:18.482,36,RECEIVE,40,175
21:36:18.657,32,RECEIVE,40,162
21:36:18.785,34,RECEIVE,40,95
21:36:18.888,10,RECEIVE,40,178
21:36:18.977,30,RECEIVE,40,101
21:36:19.141,7,RECEIVE,40,135
21:36:19.261,13,RECEIVE,40,108
21:36:19.346,20,RECEIVE,40,88
21:36:19.480,33,RECEIVE,40,92
21:36:19.579,19,SEND,40,148
21:36:19.756,30,RECEIVE,40,160
21:36:19.838,5,RECEIVE,40,95
21:36:19.979,34,RECEIVE,40,144
21:36:20.70,21,RECEIVE,40,158
21:36:20.237,40,RECEIVE,40,117
21:36:20.345,17,RECEIVE,40,133
21:36:20.433,5,RECEIVE,40,125
21:36:20.562,27,RECEIVE,40,158
21:36:20.717,11,RECEIVE,40,139
21:36:20.856,27,RECEIVE,40,143
21:36:20.958,9,RECEIVE,40,92
21:36:21.42,29,RECEIVE,40,88
21:36:21.158,10,RECEIVE,40,128
21:36:21.351,33,RECEIVE,40,152
21:36:21.463,39,RECEIVE,40,111
21:36:21.544,30,RECEIVE,40,93
21:36:21.689,14,RECEIVE,40,137
21:36:21.845,21,RECEIVE,40,169
21:36:21.947,26,RECEIVE,40,161
21:36:22.68,19,RECEIVE,40,105
21:36:22.163,30,RECEIVE,40,152
21:36:22.290,22,RECEIVE,40,89
21:36:22.463,34,RECEIVE,40,129
21:36:22.555,13,RECEIVE,40,171
21:36:22.657,2,RECEIVE,40,173
21:36:22.768,18,RECEIVE,40,98
21:36:22.932,10,RECEIVE,40,140
21:36:23.71,25,RECEIVE,40,89
21:36:23.162,32,RECEIVE,40,93
21:36:23.265,36,RECEIVE,40,90
21:36:23.385,17,SEND,40,80
21:36:23.550,1,RECEIVE,40,185
21:36:23.675,15,RECEIVE,40,174
21:36:23.777,2,RECEIVE,40,86
21:36:23.962,30,RECEIVE,40,104
21:36:24.43,3,RECEIVE,40,164
21:36:24.148,6,RECEIVE,40,108
21:36:24.261,4,RECEIVE,40,179
21:36:24.391,38,RECEIVE,40,105
21:36:24.541,16,RECEIVE,40,129
21:36:24.654,32,RECEIVE,40,130
21:36:24.756,13,RECEIVE,40,91
21:36:24.854,15,RECEIVE,40,94
21:36:24.975,12,RECEIVE,40,106
21:36:25.177,36,RECEIVE,40,179
21:36:25.255,19,RECEIVE,40,145
21:36:25.347,5,RECEIVE,40,111
21:36:25.456,35,RECEIVE,40,155
21:36:25.612,2,RECEIVE,40,99
21:36:25.754,31,RECEIVE,40,183
21:36:25.859,1,RECEIVE,40,147
21:36:25.985,14,RECEIVE,40,172
21:36:26.67,23,RECEIVE,40,90
21:36:26.233,4,RECEIVE,40,152
21:36:26.361,17,RECEIVE,40,122
21:36:26.450,12,RECEIVE,40,115
21:36:26.585,29,RECEIVE,40,157
21:36:26.731,3,RECEIVE,40,100
21:36:26.868,33,RECEIVE,40,101
21:36:26.950,13,RECEIVE,40,131
21:36:27.74,8,RECEIVE,40,171
21:36:27.177,5,SEND,40,149
21:36:27.383,1,RECEIVE,40,127
21:36:27.456,9,RECEIVE,40,182
21:36:27.546,1,RECEIVE,40,93
21:36:27.670,31,RECEIVE,40,100
21:36:27.817,3,RECEIVE,40,128
21:36:27.998,29,RECEIVE,40,126
21:36:28.74,10,RECEIVE,40,164
21:36:28.168,3,RECEIVE,40,179
21:36:28.334,10,RECEIVE,40,115
21:36:28.433,24,RECEIVE,40,122
21:36:28.566,18,RECEIVE,40,146
21:36:28.686,12,RECEIVE,40,132
21:36:28.771,9,RECEIVE,40,144
21:36:28.959,37,RECEIVE,40,117
21:36:29.98,17,RECEIVE,40,89
21:36:29.175,35,RECEIVE,40,138
21:36:29.279,16,RECEIVE,40,119
21:36:29.456,1,RECEIVE,40,161
21:36:29.550,35,RECEIVE,40,119
21:36:29.654,6,RECEIVE,40,170
21:36:29.762,35,RECEIVE,40,184
21:36:29.883,38,RECEIVE,40,98
21:36:30.82,29,RECEIVE,40,139
21:36:30.161,22,RECEIVE,40,183
21:36:30.260,36,RECEIVE,40,183
21:36:30.373,17,RECEIVE,40,151
21:36:30.527,4,RECEIVE,40,182
21:36:30.645,30,RECEIVE,40,96
21:36:30.782,15,RECEIVE,40,163
21:36:30.858,3,RECEIVE,40,95
21:36:30.980,13,SEND,40,134
21:36:31.121,3,RECEIVE,40,135
21:36:31.266,28,RECEIVE,40,161
21:36:31.347,5,RECEIVE,40,105
21:36:31.452,32,RECEIVE,40,90
21:36:31.656,34,RECEIVE,40,165
21:36:31.757,24,RECEIVE,40,152
21:36:31.836,6,RECEIVE,40,87
21:36:31.986,18,RECEIVE,40,104
21:36:32.130,19,RECEIVE,40,178
21:36:32.293,32,RECEIVE,40,155
21:36:32.370,18,RECEIVE,40,117
21:36:32.468,16,RECEIVE,40,117
21:36:32.562,12,RECEIVE,40,126
21:36:32.737,4,RECEIVE,40,123
21:36:32.833,19,RECEIVE,40,149
21:36:32.994,38,RECEIVE,40,165
21:36:33.103,22,RECEIVE,40,146
21:36:33.230,10,RECEIVE,40,159
21:36:33.357,29,RECEIVE,40,183
21:36:33.444,36,RECEIVE,40,154
21:36:33.560,17,RECEIVE,40,129
21:36:33.687,31,RECEIVE,40,105
21:36:33.835,19,RECEIVE,40,123
21:36:33.967,18,RECEIVE,40,137
21:36:34.64,14,RECEIVE,40,127
21:36:34.158,2,RECEIVE,40,105
21:36:34.359,23,RECEIVE,40,87
21:36:34.475,32,RECEIVE,40,183
21:36:34.545,18,RECEIVE,40,149
21:36:34.680,24,RECEIVE,40,115
21:36:34.773,37,RECEIVE,40,107
21:36:34.969,32,RECEIVE,40,118
21:36:35.58,21,RECEIVE,40,177
21:36:35.168,13,RECEIVE,40,110
21:36:35.277,11,RECEIVE,40,86
21:36:35.440,29,RECEIVE,40,116
21:36:35.574,24,RECEIVE,40,136
21:36:35.661,30,RECEIVE,40,139
21:36:35.773,6,RECEIVE,40,162
21:36:35.920,2,RECEIVE,40,168
21:36:36.50,28,RECEIVE,40,156
21:36:36.162,18,RECEIVE,40,135
21:36:36.258,11,RECEIVE,40,144
21:36:36.377,33,RECEIVE,40,132
21:36:36.590,40,RECEIVE,40,153
21:36:36.682,27,RECEIVE,40,123
21:36:36.769,13,RECEIVE,40,142
21:36:36.862,33,RECEIVE,40,165
21:36:37.41,33,RECEIVE,40,183
21:36:37.160,40,RECEIVE,40,93
21:36:37.295,31,RECEIVE,40,158
21:36:37.380,38,RECEIVE,40,127
21:36:37.480,18,SEND,40,121
21:36:37.654,21,RECEIVE,40,137
21:36:37.749,14,RECEIVE,40,86
21:36:37.868,9,RECEIVE,40,117
21:36:37.973,24,RECEIVE,40,156
21:36:38.160,1,RECEIVE,40,108
21:36:38.263,24,RECEIVE,40,179
21:36:38.329,16,RECEIVE,40,171
21:36:38.465,39,RECEIVE,40,168
21:36:38.588,20,RECEIVE,40,90
21:36:38.767,39,RECEIVE,40,107
21:36:38.847,20,RECEIVE,40,100
21:36:38.971,31,RECEIVE,40,151
21:36:39.65,37,RECEIVE,40,160
21:36:39.186,4,RECEIVE,40,177
21:36:39.364,26,RECEIVE,40,137
21:36:39.444,16,RECEIVE,40,118
21:36:39.571,29,RECEIVE,40,106
21:36:39.735,17,RECEIVE,40,169
21:36:39.834,20,RECEIVE,40,123
21:36:39.960,16,RECEIVE,40,110
21:36:40.78,31,RECEIVE,40,150
21:36:40.274,36,RECEIVE,40,176
21:36:40.346,13,RECEIVE,40,185
21:36:40.432,36,RECEIVE,40,123
21:36:40.598,39,RECEIVE,40,153
21:36:40.692,13,RECEIVE,40,125
21:36:40.824,11,RECEIVE,40,92
21:36:40.958,31,RECEIVE,40,131
21:36:41.54,11,RECEIVE,40,174
21:36:41.149,31,RECEIVE,40,120
21:36:41.264,20,RECEIVE,40,162
21:36:41.399,27,RECEIVE,40,90
21:36:41.549,19,RECEIVE,40,155
21:36:41.673,16,RECEIVE,40,86
21:36:41.771,31,RECEIVE,40,138
21:36:41.965,21,RECEIVE,40,132
21:36:42.81,32,RECEIVE,40,159
21:36:42.154,11,RECEIVE,40,108
21:36:42.269,21,RECEIVE,40,179
21:36:42.425,18,RECEIVE,40,171
21:36:42.540,33,RECEIVE,40,136
21:36:42.648,9,RECEIVE,40,106
21:36:42.774,29,RECEIVE,40,153
21:36:42.870,24,RECEIVE,40,135
21:36:43.35,3,RECEIVE,40,148
21:36:43.166,20,RECEIVE,40,168
21:36:43.263,17,RECEIVE,40,175
21:36:43.355,32,RECEIVE,40,96
21:36:43.485,38,SEND,40,122
21:36:43.654,29,RECEIVE,40,138
21:36:43.747,12,RECEIVE,40,91
21:36:43.900,5,RECEIVE,40,107
21:36:43.978,25,RECEIVE,40,184
21:36:44.164,2,RECEIVE,40,133
21:36:44.262,33,RECEIVE,40,168
21:36:44.354,13,RECEIVE,40,128
21:36:44.453,39,RECEIVE,40,125
21:36:44.635,8,RECEIVE,40,177
21:36:44.747,11,RECEIVE,40,103
21:36:44.869,16,RECEIVE,40,181
21:36:44.949,40,RECEIVE,40,153
21:36:45.139,1,RECEIVE,40,124
21:36:45.243,15,RECEIVE,40,179
21:36:45.355,8,RECEIVE,40,179
21:36:45.458,30,RECEIVE,40,104
21:36:45.577,16,RECEIVE,40,163
21:36:45.739,10,RECEIVE,40,134
21:36:45.815,22,RECEIVE,40,172
21:36:45.974,17,RECEIVE,40,92
21:36:46.91,35,RECEIVE,40,177
21:36:46.179,17,RECEIVE,40,105
21:36:46.340,26,RECEIVE,40,97
21:36:46.445,18,RECEIVE,40,111
21:36:46.571,12,RECEIVE,40,100
21:36:46.673,32,RECEIVE,40,109
21:36:46.870,30,RECEIVE,40,101
21:36:46.977,23,RECEIVE,40,143
21:36:47.44,35,RECEIVE,40,99
21:36:47.177,20,RECEIVE,40,163
21:36:47.278,6,SEND,40,112
21:36:47.430,16,RECEIVE,40,185
21:36:47.552,3,RECEIVE,40,133
21:36:47.660,35,RECEIVE,40,117
21:36:47.783,25,RECEIVE,40,176
21:36:47.925,11,RECEIVE,40,181
21:36:48.86,22,RECEIVE,40,122
21:36:48.166,25,RECEIVE,40,91
21:36:48.256,13,RECEIVE,40,143
21:36:48.427,12,RECEIVE,40,161
21:36:48.564,37,RECEIVE,40,170
21:36:48.656,20,RECEIVE,40,113
21:36:48.788,3,RECEIVE,40,153
21:36:48.943,39,RECEIVE,40,121
21:36:49.74,34,RECEIVE,40,118
21:36:49.104,4,SEND,40,151
21:36:49.269,6,RECEIVE,40,113
21:36:49.418,9,RECEIVE,40,178
21:36:49.585,38,RECEIVE,40,173
21:36:49.654,18,RECEIVE,40,179
21:36:49.756,10,RECEIVE,40,102
21:36:49.861,23,RECEIVE,40,103
21:36:49.987,19,RECEIVE,40,136
21:36:50.133,4,RECEIVE,40,98
21:36:50.273,5,RECEIVE,40,121
21:36:50.356,28,RECEIVE,40,164
21:36:50.457,39,RECEIVE,40,183
21:36:50.619,20,RECEIVE,40,116
21:36:50.763,34,RECEIVE,40,150
21:36:50.864,17,RECEIVE,40,183
21:36:50.964,38,RECEIVE,40,105
21:36:51.84,14,SEND,40,147
21:36:51.223,7,RECEIVE,40,154
21:36:51.363,18,RECEIVE,40,97
21:36:51.458,8,RECEIVE,40,118
21:36:51.561,19,RECEIVE,40,107
21:36:51.755,32,RECEIVE,40,127
21:36:51.844,24,RECEIVE,40,164
21:36:51.967,18,RECEIVE,40,184
21:36:52.75,13,RECEIVE,40,185
21:36:52.222,10,RECEIVE,40,123
21:36:52.351,4,RECEIVE,40,169
21:36:52.472,19,RECEIVE,40,179
21:36:52.572,16,RECEIVE,40,123
21:36:52.732,1,RECEIVE,40,180
21:36:52.868,37,RECEIVE,40,94
21:36:52.973,17,RECEIVE,40,108
21:36:53.58,5,RECEIVE,40,181
21:36:53.162,37,RECEIVE,40,91
21:36:53.317,6,RECEIVE,40,185
21:36:53.462,24,RECEIVE,40,161
21:36:53.569,18,RECEIVE,40,145
21:36:53.680,7,RECEIVE,40,120
21:36:53.770,33,RECEIVE,40,138
21:36:53.944,8,RECEIVE,40,159
21:36:54.62,25,RECEIVE,40,155
21:36:54.150,9,RECEIVE,40,95
21:36:54.288,12,RECEIVE,40,131
21:36:54.448,27,RECEIVE,40,151
21:36:54.551,35,RECEIVE,40,137
21:36:54.649,9,RECEIVE,40,156
21:36:54.775,8,RECEIVE,40,157
21:36:54.872,39,RECEIVE,40,156
21:36:55.75,33,RECEIVE,40,147
21:36:55.167,8,RECEIVE,40,152
21:36:55.255,19,RECEIVE,40,108
21:36:55.389,32,RECEIVE,40,180
21:36:55.566,29,RECEIVE,40,116
21:36:55.673,16,RECEIVE,40,162
21:36:55.786,17,RECEIVE,40,137
21:36:55.881,23,RECEIVE,40,167
21:36:56.29,1,RECEIVE,40,139
21:36:56.148,24,RECEIVE,40,151
21:36:56.266,31,RECEIVE,40,99
21:36:56.393,32,RECEIVE,40,151
21:36:56.460,11,RECEIVE,40,162
21:36:56.639,33,RECEIVE,40,119
21:36:56.765,24,RECEIVE,40,122
21:36:56.856,7,RECEIVE,40,118
21:36:56.960,35,RECEIVE,40,175
21:36:57.179,40,RECEIVE,40,89
21:36:57.249,29,RECEIVE,40,135
21:36:57.370,15,RECEIVE,40,172
21:36:57.467,11,RECEIVE,40,163
21:36:57.562,39,RECEIVE,40,124
21:36:57.761,7,RECEIVE,40,149
21:36:57.876,27,RECEIVE,40,96
21:36:57.935,35,RECEIVE,40,120
21:36:58.94,39,RECEIVE,40,125
21:36:58.221,8,RECEIVE,40,139
21:36:58.352,24,RECEIVE,40,100
21:36:58.481,18,RECEIVE,40,172
21:36:58.566,38,RECEIVE,40,89
21:36:58.674,35,RECEIVE,40,153
21:36:58.866,34,RECEIVE,40,92
21:36:58.974,4,RECEIVE,40,108
21:36:59.94,38,RECEIVE,40,130
21:36:59.189,25,SEND,40,140
21:36:59.330,7,RECEIVE,40,108
21:36:59.446,22,RECEIVE,40,163
21:36:59.574,16,RECEIVE,40,161
21:36:59.654,17,RECEIVE,40,111
21:36:59.831,8,RECEIVE,40,106
21:36:59.965,34,RECEIVE,40,183
21:37:0.66,27,RECEIVE,40,103
21:37:0.156,10,RECEIVE,40,139
21:37:0.272,15,RECEIVE,40,148
21:37:0.416,5,RECEIVE,40,98
21:37:0.561,31,RECEIVE,40,123
21:37:0.646,35,RECEIVE,40,115
21:37:0.784,13,RECEIVE,40,118
21:37:0.932,6,RECEIVE,40,107
21:37:1.54,25,RECEIVE,40,92
21:37:1.153,22,RECEIVE,40,184
21:37:1.266,6,RECEIVE,40,111
21:37:1.374,30,RECEIVE,40,173
21:37:1.561,36,RECEIVE,40,183
21:37:1.657,13,RECEIVE,40,166
21:37:1.765,21,RECEIVE,40,135
21:37:1.882,27,RECEIVE,40,157
21:37:2.57,40,RECEIVE,40,128
21:37:2.141,9,RECEIVE,40,110
21:37:2.270,26,RECEIVE,40,144
21:37:2.372,25,RECEIVE,40,153
21:37:2.451,3,RECEIVE,40,148
21:37:2.651,33,RECEIVE,40,131
21:37:2.766,25,RECEIVE,40,156
21:37:2.867,26,RECEIVE,40,170
21:37:2.976,15,RECEIVE,40,181
21:37:3.152,33,RECEIVE,40,141
21:37:3.241,16,RECEIVE,40,132
21:37:3.386,31,RECEIVE,40,155
21:37:3.478,27,RECEIVE,40,142
21:37:3.578,29,SEND,40,148
21:37:3.730,17,RECEIVE,40,151
21:37:3.876,28,RECEIVE,40,184
21:37:3.960,22,RECEIVE,40,166
21:37:4.76,27,RECEIVE,40,157
21:37:4.249,33,RECEIVE,40,161
21:37:4.378,38,RECEIVE,40,140
21:37:4.456,10,RECEIVE,40,99
21:37:4.578,29,SEND,40,101
21:37:4.775,22,RECEIVE,40,173
21:37:4.874,13,RECEIVE,40,158
21:37:4.990,28,RECEIVE,40,132
21:37:5.71,17,RECEIVE,40,116
21:37:5.173,12,RECEIVE,40,140
21:37:5.340,23,RECEIVE,40,135
21:37:5.457,37,RECEIVE,40,120
21:37:5.561,36,RECEIVE,40,131
21:37:5.671,21,RECEIVE,40,164
21:37:5.832,2,RECEIVE,40,103
21:37:5.903,17,RECEIVE,40,181
21:37:6.55,11,RECEIVE,40,112
21:37:6.167,29,RECEIVE,40,114
21:37:6.259,2,RECEIVE,40,158
21:37:6.455,35,RECEIVE,40,183
21:37:6.533,11,RECEIVE,40,105
21:37:6.657,6,RECEIVE,40,172
21:37:6.833,6,RECEIVE,40,93
21:37:6.972,35,RECEIVE,40,165
21:37:7.72,4,RECEIVE,40,166
21:37:7.175,1,RECEIVE,40,127
21:37:7.260,23,RECEIVE,40,105
21:37:7.377,7,SEND,40,102
21:37:7.566,38,RECEIVE,40,127
21:37:7.645,3,RECEIVE,40,87
21:37:7.773,30,RECEIVE,40,135
21:37:7.874,16,RECEIVE,40,114
21:37:8.40,2,RECEIVE,40,142
21:37:8.160,14,RECEIVE,40,163
21:37:8.237,15,RECEIVE,40,124
21:37:8.372,22,RECEIVE,40,161
21:37:8.532,7,RECEIVE,40,167
21:37:8.638,4,RECEIVE,40,96
21:37:8.746,17,RECEIVE,40,92
21:37:8.888,40,RECEIVE,40,132
21:37:8.983,22,RECEIVE,40,177
21:37:9.125,21,RECEIVE,40,107
21:37:9.252,17,RECEIVE,40,162
21:37:9.309,7,RECEIVE,40,132
21:37:9.467,5,RECEIVE,40,92
21:37:9.623,1,RECEIVE,40,145
21:37:9.745,23,RECEIVE,40,124
21:37:9.873,23,RECEIVE,40,135
21:37:9.967,25,RECEIVE,40,127
21:37:10.81,30,RECEIVE,40,133
21:37:10.223,14,RECEIVE,40,104
21:37:10.365,35,RECEIVE,40,117
21:37:10.449,27,RECEIVE,40,103
21:37:10.587,23,RECEIVE,40,136
21:37:10.718,6,RECEIVE,40,171
21:37:10.846,10,RECEIVE,40,94
21:37:10.949,1,RECEIVE,40,157
21:37:11.85,29,RECEIVE,40,139
21:37:11.198,4,RECEIVE,40,126
21:37:11.344,34,RECEIVE,40,133
21:37:11.438,7,RECEIVE,40,148
21:37:11.555,4,RECEIVE,40,110
21:37:11.669,12,RECEIVE,40,138
21:37:11.866,39,RECEIVE,40,128
21:37:11.958,30,RECEIVE,40,159
21:37:12.72,8,RECEIVE,40,154
21:37:12.177,26,RECEIVE,40,178
21:37:12.338,16,RECEIVE,40,116
21:37:12.446,30,RECEIVE,40,117
21:37:12.576,26,RECEIVE,40,145
21:37:12.671,39,RECEIVE,40,116
21:37:12.778,21,RECEIVE,40,163
21:37:12.970,39,RECEIVE,40,141
21:37:13.46,26,RECEIVE,40,142
21:37:13.162,17,RECEIVE,40,125
21:37:13.261,39,RECEIVE,40,124
21:37:13.478,39,RECEIVE,40,97
21:37:13.562,35,RECEIVE,40,179
21:37:13.645,18,RECEIVE,40,92
21:37:13.773,18,RECEIVE,40,130
21:37:13.863,35,RECEIVE,40,159
21:37:14.57,7,RECEIVE,40,153
21:37:14.172,14,RECEIVE,40,129
21:37:14.267,13,RECEIVE,40,112
21:37:14.377,11,RECEIVE,40,127
21:37:14.550,8,RECEIVE,40,178
21:37:14.679,21,RECEIVE,40,111
21:37:14.749,32,RECEIVE,40,88
21:37:14.867,24,RECEIVE,40,99
21:37:14.981,12,RECEIVE,40,141
21:37:15.165,3,RECEIVE,40,177
21:37:15.250,29,RECEIVE,40,131
21:37:15.367,33,RECEIVE,40,185
21:37:15.494,21,RECEIVE,40,169
21:37:15.640,30,RECEIVE,40,108
21:37:15.760,26,RECEIVE,40,92
21:37:15.838,5,RECEIVE,40,145
21:37:15.976,29,RECEIVE,40,121
21:37:16.110,1,RECEIVE,40,100
21:37:16.256,40,RECEIVE,40,104
21:37:16.338,10,RECEIVE,40,91
21:37:16.460,10,RECEIVE,40,174
21:37:16.573,17,RECEIVE,40,87
21:37:16.785,27,RECEIVE,40,154
21:37:16.880,18,RECEIVE,40,106
21:37:16.960,31,RECEIVE,40,181
21:37:17.62,12,RECEIVE,40,120
21:37:17.229,10,RECEIVE,40,117
21:37:17.341,27,RECEIVE,40,126
21:37:17.455,22,RECEIVE,40,100
21:37:17.590,11,RECEIVE,40,149
21:37:17.712,20,RECEIVE,40,149
21:37:17.863,1,RECEIVE,40,147
21:37:17.938,15,RECEIVE,40,113
21:37:18.72,40,RECEIVE,40,111
21:37:18.155,26,RECEIVE,40,181
21:37:18.358,1,RECEIVE,40,180
21:37:18.450,23,RECEIVE,40,173
21:37:18.547,15,RECEIVE,40,173
21:37:18.664,31,RECEIVE,40,97
21:37:18.775,14,RECEIVE,40,88
21:37:18.992,38,RECEIVE,40,103
21:37:19.63,13,RECEIVE,40,147
21:37:19.151,16,RECEIVE,40,154
21:37:19.279,31,RECEIVE,40,152
21:37:19.451,35,RECEIVE,40,173
21:37:19.568,19,RECEIVE,40,108
21:37:19.668,16,RECEIVE,40,113
21:37:19.760,28,RECEIVE,40,133
21:37:19.885,2,SEND,40,119
21:37:20.50,32,RECEIVE,40,150
21:37:20.166,35,RECEIVE,40,168
21:37:20.254,13,RECEIVE,40,101
21:37:20.383,20,RECEIVE,40,97
21:37:20.529,5,RECEIVE,40,178
21:37:20.641,20,RECEIVE,40,86
21:37:20.761,8,RECEIVE,40,132
21:37:20.850,39,RECEIVE,40,86
21:37:21.33,7,RECEIVE,40,104
21:37:21.173,33,RECEIVE,40,153
21:37:21.251,10,RECEIVE,40,90
21:37:21.373,38,RECEIVE,40,168
21:37:21.436,36,RECEIVE,40,115
21:37:21.640,27,RECEIVE,40,96
21:37:21.763,17,RECEIVE,40,91
21:37:21.868,14,RECEIVE,40,122
21:37:21.949,29,RECEIVE,40,88
21:37:22.125,3,RECEIVE,40,172
21:37:22.248,36,RECEIVE,40,103
21:37:22.370,18,RECEIVE,40,162
21:37:22.466,19,RECEIVE,40,130
21:37:22.602,24,RECEIVE,40,152
21:37:22.748,1,RECEIVE,40,111
21:37:22.868,19,RECEIVE,40,115
21:37:22.951,28,RECEIVE,40,122
21:37:23.81,37,RECEIVE,40,139
21:37:23.250,7,RECEIVE,40,178
21:37:23.369,35,RECEIVE,40,110
21:37:23.444,7,RECEIVE,40,174
21:37:23.566,19,RECEIVE,40,96
21:37:23.690,6,RECEIVE,40,123
21:37:23.881,25,RECEIVE,40,146
21:37:23.950,12,RECEIVE,40,91
21:37:24.64,20,RECEIVE,40,155
21:37:24.155,14,RECEIVE,40,117
21:37:24.331,4,RECEIVE,40,159
21:37:24.436,15,RECEIVE,40,146
21:37:24.564,14,RECEIVE,40,90
21:37:24.678,2,RECEIVE,40,157
21:37:24.811,6,RECEIVE,40,101
21:37:24.974,33,RECEIVE,40,183
21:37:25.57,4,RECEIVE,40,181
21:37:25.158,13,RECEIVE,40,137
21:37:25.275,12,RECEIVE,40,149
21:37:25.464,1,RECEIVE,40,157
21:37:25.577,37,RECEIVE,40,171
21:37:25.662,15,RECEIVE,40,142
21:37:25.762,16,RECEIVE,40,124
21:37:25.953,39,RECEIVE,40,177
21:37:26.28,20,RECEIVE,40,86
21:37:26.176,27,RECEIVE,40,116
21:37:26.272,14,RECEIVE,40,106
21:37:26.361,10,RECEIVE,40,183
21:37:26.550,9,RECEIVE,40,118
21:37:26.650,28,RECEIVE,40,136
21:37:26.777,12,RECEIVE,40,132
21:37:26.868,21,RECEIVE,40,104
21:37:27.18,5,RECEIVE,40,95
21:37:27.173,29,RECEIVE,40,154
21:37:27.255,13,RECEIVE,40,107
21:37:27.377,38,RECEIVE,40,85
21:37:27.485,18,SEND,40,102
21:37:27.660,29,RECEIVE,40,119
21:37:27.748,17,RECEIVE,40,169
21:37:27.878,1,RECEIVE,40,178
21:37:27.975,28,RECEIVE,40,121
21:37:28.152,38,RECEIVE,40,111
21:37:28.263,4,RECEIVE,40,164
21:37:28.357,11,RECEIVE,40,126
21:37:28.460,33,RECEIVE,40,122
21:37:28.612,8,RECEIVE,40,125
21:37:28.760,26,RECEIVE,40,124
21:37:28.849,16,RECEIVE,40,156
21:37:28.977,40,RECEIVE,40,149
21:37:29.97,25,RECEIVE,40,177
21:37:29.259,36,RECEIVE,40,141
21:37:29.330,35,RECEIVE,40,185
21:37:29.456,36,RECEIVE,40,128
21:37:29.571,4,RECEIVE,40,173
21:37:29.734,5,RECEIVE,40,129
21:37:29.861,26,RECEIVE,40,169
21:37:29.943,13,RECEIVE,40,93
21:37:30.99,37,RECEIVE,40,151
21:37:30.191,15,RECEIVE,40,114
21:37:30.351,37,RECEIVE,40,86
21:37:30.468,26,RECEIVE,40,147
21:37:30.550,6,RECEIVE,40,138
21:37:30.676,21,RECEIVE,40,131
21:37:30.852,39,RECEIVE,40,90
21:37:30.952,26,RECEIVE,40,125
21:37:31.53,4,RECEIVE,40,112
21:37:31.165,15,RECEIVE,40,179
21:37:31.285,30,RECEIVE,40,162
21:37:31.440,38,RECEIVE,40,95
21:37:31.574,36,RECEIVE,40,177
21:37:31.646,3,RECEIVE,40,128
21:37:31.798,11,SEND,40,84
21:37:31.934,9,RECEIVE,40,158
21:37:32.94,27,RECEIVE,40,150
21:37:32.169,28,RECEIVE,40,185
21:37:32.271,35,RECEIVE,40,137
21:37:32.425,3,RECEIVE,40,169
21:37:32.573,24,RECEIVE,40,162
21:37:32.636,5,RECEIVE,40,114
21:37:32.784,32,RECEIVE,40,136
21:37:32.866,11,RECEIVE,40,150
21:37:33.49,35,RECEIVE,40,160
21:37:33.132,10,RECEIVE,40,94
21:37:33.279,7,RECEIVE,40,140
21:37:33.402,39,RECEIVE,40,111
21:37:33.533,7,RECEIVE,40,129
21:37:33.626,10,RECEIVE,40,98
21:37:33.769,5,RECEIVE,40,122
21:37:33.844,17,RECEIVE,40,100
21:37:33.996,30,RECEIVE,40,137
21:37:34.152,37,RECEIVE,40,163
21:37:34.252,18,RECEIVE,40,155
21:37:34.366,12,RECEIVE,40,100
21:37:34.456,14,RECEIVE,40,145
21:37:34.634,9,RECEIVE,40,166
21:37:34.777,30,RECEIVE,40,140
21:37:34.852,8,RECEIVE,40,148
21:37:34.944,31,RECEIVE,40,163
21:37:35.72,7,RECEIVE,40,165
21:37:35.246,24,RECEIVE,40,136
21:37:35.354,15,RECEIVE,40,93
21:37:35.454,39,RECEIVE,40,165
21:37:35.574,20,RECEIVE,40,121
21:37:35.745,12,RECEIVE,40,160
21:37:35.843,28,RECEIVE,40,141
21:37:35.966,17,RECEIVE,40,90
21:37:36.57,26,RECEIVE,40,114
21:37:36.220,1,RECEIVE,40,149
21:37:36.368,40,RECEIVE,40,92
21:37:36.461,27,RECEIVE,40,97
21:37:36.559,37,RECEIVE,40,104
21:37:36.673,16,RECEIVE,40,88
21:37:36.876,33,RECEIVE,40,94
21:37:36.957,21,RECEIVE,40,115
21:37:37.69,11,RECEIVE,40,99
21:37:37.165,19,RECEIVE,40,174
21:37:37.329,13,RECEIVE,40,99
21:37:37.461,30,RECEIVE,40,114
21:37:37.569,18,RECEIVE,40,145
21:37:37.668,32,RECEIVE,40,161
21:37:37.774,12,RECEIVE,40,91
21:37:37.966,1,RECEIVE,40,127
21:37:38.54,18,RECEIVE,40,126
21:37:38.147,6,RECEIVE,40,148
21:37:38.287,31,RECEIVE,40,94
21:37:38.446,34,RECEIVE,40,154
21:37:38.567,34,RECEIVE,40,156
21:37:38.646,7,RECEIVE,40,128
21:37:38.784,12,RECEIVE,40,158
21:37:38.869,11,RECEIVE,40,172
21:37:39.55,31,RECEIVE,40,171
21:37:39.136,14,RECEIVE,40,92
21:37:39.257,6,RECEIVE,40,146
21:37:39.376,31,RECEIVE,40,180
21:37:39.545,7,RECEIVE,40,150
21:37:39.670,32,RECEIVE,40,183
21:37:39.753,18,RECEIVE,40,161
21:37:39.879,22,RECEIVE,40,106
21:37:40.67,29,RECEIVE,40,172
21:37:40.163,22,RECEIVE,40,96
21:37:40.253,22,RECEIVE,40,99
21:37:40.364,40,RECEIVE,40,142
21:37:40.461,2,RECEIVE,40,116
21:37:40.658,40,RECEIVE,40,93
21:37:40.752,29,RECEIVE,40,125
21:37:40.874,16,RECEIVE,40,125
21:37:40.960,17,RECEIVE,40,158
21:37:41.147,9,RECEIVE,40,166
21:37:41.263,5,RECEIVE,40,176
21:37:41.357,25,RECEIVE,40,145
21:37:41.474,3,RECEIVE,40,174
21:37:41.623,6,RECEIVE,40,166
21:37:41.784,29,RECEIVE,40,145
21:37:41.874,35,RECEIVE,40,150
21:37:42.1,27,RECEIVE,40,136
21:37:42.90,7,RECEIVE,40,133
21:37:42.223,2,RECEIVE,40,107
21:37:42.368,32,RECEIVE,40,97
21:37:42.454,5,RECEIVE,40,87
21:37:42.577,24,RECEIVE,40,96
21:37:42.662,40,RECEIVE,40,142
21:37:42.823,2,RECEIVE,40,165
21:37:42.962,26,RECEIVE,40,147
21:37:43.56,2,RECEIVE,40,118
21:37:43.157,21,RECEIVE,40,97
21:37:43.329,5,RECEIVE,40,115
21:37:43.438,26,RECEIVE,40,149
21:37:43.565,26,RECEIVE,40,94
21:37:43.655,38,RECEIVE,40,156
21:37:43.785,31,SEND,40,140
21:37:43.962,32,RECEIVE,40,144
21:37:44.50,17,RECEIVE,40,158
21:37:44.170,7,RECEIVE,40,145
21:37:44.270,21,RECEIVE,40,159
21:37:44.455,2,RECEIVE,40,175
21:37:44.545,19,RECEIVE,40,140
21:37:44.661,7,RECEIVE,40,177
21:37:44.762,14,RECEIVE,40,162
21:37:44.924,10,RECEIVE,40,177
21:37:45.30,3,RECEIVE,40,171
21:37:45.159,39,RECEIVE,40,119
21:37:45.279,6,RECEIVE,40,177
21:37:45.372,22,RECEIVE,40,157
21:37:45.554,21,RECEIVE,40,138
21:37:45.636,8,RECEIVE,40,127
21:37:45.779,2,RECEIVE,40,166
21:37:45.868,40,RECEIVE,40,181
21:37:46.60,36,RECEIVE,40,173
21:37:46.147,17,RECEIVE,40,178
21:37:46.239,22,RECEIVE,40,101
21:37:46.385,25,RECEIVE,40,109
21:37:46.482,18,SEND,40,84
21:37:46.647,21,RECEIVE,40,134
21:37:46.762,33,RECEIVE,40,180
21:37:46.864,35,RECEIVE,40,104
21:37:46.981,39,RECEIVE,40,135
21:37:47.116,2,RECEIVE,40,128
21:37:47.249,13,RECEIVE,40,183
21:37:47.368,17,RECEIVE,40,137
21:37:47.467,35,RECEIVE,40,100
21:37:47.581,9,SEND,40,157
21:37:47.754,35,RECEIVE,40,171
21:37:47.866,21,RECEIVE,40,126
21:37:47.944,4,RECEIVE,40,119
21:37:48.93,30,RECEIVE,40,113
21:37:48.224,8,RECEIVE,40,115
21:37:48.353,21,RECEIVE,40,148
21:37:48.449,5,RECEIVE,40,125
21:37:48.579,7,RECEIVE,40,151
21:37:48.817,26,RECEIVE,40,160
21:37:48.886,20,RECEIVE,40,121
21:37:48.971,12,RECEIVE,40,174
21:37:49.60,14,RECEIVE,40,88
21:37:49.210,30,RECEIVE,40,122
21:37:49.345,14,RECEIVE,40,127
21:37:49.460,14,RECEIVE,40,115
21:37:49.572,35,RECEIVE,40,142
21:37:49.660,21,RECEIVE,40,172
21:37:49.832,15,RECEIVE,40,130
21:37:49.962,21,RECEIVE,40,111
21:37:50.50,17,RECEIVE,40,106
21:37:50.163,25,RECEIVE,40,181
21:37:50.261,21,RECEIVE,40,119
21:37:50.422,5,RECEIVE,40,151
21:37:50.560,19,RECEIVE,40,140
21:37:50.665,13,RECEIVE,40,131
21:37:50.801,34,RECEIVE,40,92
21:37:50.924,10,RECEIVE,40,112
21:37:51.69,39,RECEIVE,40,93
21:37:51.155,14,RECEIVE,40,132
21:37:51.262,20,RECEIVE,40,96
21:37:51.375,37,SEND,40,115
21:37:51.582,37,RECEIVE,40,136
21:37:51.652,19,RECEIVE,40,121
21:37:51.770,29,RECEIVE,40,126
21:37:51.866,26,RECEIVE,40,178
21:37:52.16,3,RECEIVE,40,157
21:37:52.157,19,RECEIVE,40,128
21:37:52.253,11,RECEIVE,40,86
21:37:52.384,7,RECEIVE,40,89
21:37:52.510,3,RECEIVE,40,92
21:37:52.657,31,RECEIVE,40,101
21:37:52.764,13,RECEIVE,40,124
21:37:52.864,2,RECEIVE,40,168
21:37:52.965,28,RECEIVE,40,170
21:37:53.147,17,RECEIVE,40,139
21:37:53.267,31,RECEIVE,40,91
21:37:53.353,14,RECEIVE,40,137
21:37:53.467,8,RECEIVE,40,106
21:37:53.609,7,RECEIVE,40,91
21:37:53.776,24,RECEIVE,40,95
21:37:53.866,18,RECEIVE,40,146
21:37:53.962,27,RECEIVE,40,182
21:37:54.78,30,RECEIVE,40,88
21:37:54.251,30,RECEIVE,40,110
21:37:54.342,6,RECEIVE,40,93
21:37:54.468,8,RECEIVE,40,134
21:37:54.567,31,RECEIVE,40,103
21:37:54.756,26,RECEIVE,40,134
21:37:54.837,27,RECEIVE,40,154
21:37:54.987,27,RECEIVE,40,140
21:37:55.83,33,RECEIVE,40,133
21:37:55.188,15,RECEIVE,40,125
21:37:55.353,32,RECEIVE,40,150
21:37:55.455,25,RECEIVE,40,171
21:37:55.568,13,RECEIVE,40,110
21:37:55.661,18,RECEIVE,40,134
21:37:55.821,14,RECEIVE,40,128
21:37:55.999,31,RECEIVE,40,138
21:37:56.36,36,RECEIVE,40,147
21:37:56.173,33,RECEIVE,40,130
21:37:56.319,1,RECEIVE,40,144
21:37:56.454,35,RECEIVE,40,107
21:37:56.559,39,RECEIVE,40,141
21:37:56.669,34,RECEIVE,40,178
21:37:56.760,40,RECEIVE,40,176
21:37:56.967,37,RECEIVE,40,134
21:37:56.999,2,RECEIVE,40,138
21:37:57.161,11,RECEIVE,40,169
21:37:57.261,20,RECEIVE,40,131
21:37:57.422,6,RECEIVE,40,97
21:37:57.573,32,RECEIVE,40,165
21:37:57.648,15,RECEIVE,40,131
21:37:57.772,15,RECEIVE,40,117
21:37:57.876,39,RECEIVE,40,171
21:37:58.100,39,RECEIVE,40,90
21:37:58.139,14,RECEIVE,40,138
21:37:58.256,24,RECEIVE,40,165
21:37:58.384,27,SEND,40,145
21:37:58.535,11,RECEIVE,40,178
21:37:58.642,2,RECEIVE,40,139
21:37:58.768,9,RECEIVE,40,155
21:37:58.869,36,RECEIVE,40,143
21:37:58.960,6,RECEIVE,40,173
21:37:59.161,2,RECEIVE,40,130
21:37:59.252,12,RECEIVE,40,91
21:37:59.352,8,RECEIVE,40,142
21:37:59.475,26,RECEIVE,40,142
21:37:59.661,39,RECEIVE,40,154
21:37:59.754,23,RECEIVE,40,101
21:37:59.850,15,RECEIVE,40,154
21:37:59.978,35,RECEIVE,40,123
21:38:0.147,33,RECEIVE,40,157
21:38:0.233,22,RECEIVE,40,131
21:38:0.350,19,RECEIVE,40,152
21:38:0.443,34,RECEIVE,40,156
21:38:0.621,13,RECEIVE,40,100
21:38:0.779,31,RECEIVE,40,156
21:38:0.842,21,RECEIVE,40,105
21:38:0.978,39,RECEIVE,40,86
21:38:1.59,16,RECEIVE,40,173
21:38:1.238,11,RECEIVE,40,154
21:38:1.360,34,RECEIVE,40,157
21:38:1.474,16,RECEIVE,40,178
21:38:1.571,5,RECEIVE,40,127
21:38:1.669,9,RECEIVE,40,142
21:38:1.831,3,RECEIVE,40,155
21:38:1.940,12,RECEIVE,40,116
21:38:2.67,15,RECEIVE,40,92
21:38:2.184,25,RECEIVE,40,136
21:38:2.355,14,RECEIVE,40,140
21:38:2.497,22,RECEIVE,40,168
21:38:2.599,9,RECEIVE,40,139
21:38:2.797,40,RECEIVE,40,153
21:38:2.907,2,SEND,40,144
21:38:3.55,36,RECEIVE,40,90
21:38:3.177,25,RECEIVE,40,88
21:38:3.287,39,RECEIVE,40,173
21:38:3.396,28,RECEIVE,40,95
21:38:3.461,27,RECEIVE,40,168
21:38:3.577,10,RECEIVE,40,177
21:38:3.672,40,RECEIVE,40,181
21:38:3.754,39,RECEIVE,40,124
21:38:3.878,32,SEND,40,142
21:38:4.35,30,RECEIVE,40,131
21:38:4.140,30,RECEIVE,40,106
21:38:4.272,3,RECEIVE,40,164
21:38:4.375,37,SEND,40,148
21:38:4.538,3,RECEIVE,40,158
21:38:4.638,32,RECEIVE,40,109
21:38:4.775,34,RECEIVE,40,170
21:38:4.861,9,RECEIVE,40,119
21:38:5.68,29,RECEIVE,40,173
21:38:5.176,38,RECEIVE,40,90
21:38:5.253,18,RECEIVE,40,105
21:38:5.356,2,RECEIVE,40,156
21:38:5.466,31,RECEIVE,40,128
21:38:5.665,32,RECEIVE,40,151
21:38:5.786,21,RECEIVE,40,183
21:38:5.859,24,RECEIVE,40,179
21:38:5.984,39,RECEIVE,40,171
21:38:6.145,34,RECEIVE,40,87
21:38:6.245,16,RECEIVE,40,165
21:38:6.347,10,RECEIVE,40,140
21:38:6.475,35,RECEIVE,40,122
21:38:6.568,17,RECEIVE,40,92
21:38:6.738,8,RECEIVE,40,130
21:38:6.855,20,RECEIVE,40,152
21:38:6.975,16,RECEIVE,40,105
21:38:7.90,12,RECEIVE,40,118
21:38:7.255,40,RECEIVE,40,128
21:38:7.335,20,RECEIVE,40,87
21:38:7.480,40,RECEIVE,40,140
21:38:7.574,39,RECEIVE,40,158
21:38:7.813,35,RECEIVE,40,151
21:38:7.897,28,RECEIVE,40,182
21:38:8.4,25,RECEIVE,40,130
21:38:8.90,31,RECEIVE,40,161
21:38:8.218,35,RECEIVE,40,170
21:38:8.364,39,RECEIVE,40,177
21:38:8.456,10,RECEIVE,40,164
21:38:8.599,39,RECEIVE,40,140
21:38:8.665,29,RECEIVE,40,123
21:38:8.810,5,RECEIVE,40,88
21:38:8.956,30,RECEIVE,40,118
21:38:9.7,10,RECEIVE,40,111
21:38:9.165,29,RECEIVE,40,132
21:38:9.261,15,RECEIVE,40,89
21:38:9.450,34,RECEIVE,40,177
21:38:9.542,23,RECEIVE,40,128
21:38:9.658,14,RECEIVE,40,128
21:38:9.762,25,RECEIVE,40,162
21:38:9.942,39,RECEIVE,40,147
21:38:10.44,28,RECEIVE,40,107
21:38:10.154,35,RECEIVE,40,108
21:38:10.279,16,RECEIVE,40,173
21:38:10.374,15,RECEIVE,40,171
21:38:10.533,2,RECEIVE,40,151
21:38:10.654,29,RECEIVE,40,175
21:38:10.755,14,RECEIVE,40,92
21:38:10.867,39,RECEIVE,40,111
21:38:11.35,9,RECEIVE,40,130
21:38:11.149,18,RECEIVE,40,124
21:38:11.267,10,RECEIVE,40,168
21:38:11.373,38,RECEIVE,40,128
21:38:11.513,12,RECEIVE,40,101
21:38:11.658,27,RECEIVE,40,106
21:38:11.766,20,RECEIVE,40,113
21:38:11.855,4,RECEIVE,40,128
21:38:11.973,10,RECEIVE,40,171
21:38:12.174,39,RECEIVE,40,97
21:38:12.253,6,RECEIVE,40,154
21:38:12.365,2,RECEIVE,40,143
21:38:12.465,14,RECEIVE,40,167
21:38:12.589,5,RECEIVE,40,106
21:38:12.762,28,RECEIVE,40,123
21:38:12.883,12,RECEIVE,40,120
21:38:12.982,9,RECEIVE,40,88
21:38:13.76,26,RECEIVE,40,94
21:38:13.261,34,RECEIVE,40,156
21:38:13.338,2,RECEIVE,40,124
21:38:13.448,9,RECEIVE,40,129
21:38:13.582,19,SEND,40,76
21:38:13.739,10,RECEIVE,40,124
21:38:13.845,34,RECEIVE,40,121
21:38:13.968,20,RECEIVE,40,85
21:38:14.76,30,RECEIVE,40,156
21:38:14.170,25,RECEIVE,40,129
21:38:14.336,5,RECEIVE,40,140
21:38:14.444,24,RECEIVE,40,131
21:38:14.573,18,RECEIVE,40,146
21:38:14.657,15,RECEIVE,40,150
21:38:14.820,15,RECEIVE,40,120
21:38:15.13,36,RECEIVE,40,158
21:38:15.91,2,RECEIVE,40,131
21:38:15.190,39,RECEIVE,40,167
21:38:15.283,36,SEND,40,68
21:38:15.466,1,RECEIVE,40,170
21:38:15.554,13,RECEIVE,40,156
21:38:15.680,2,RECEIVE,40,174
21:38:15.771,29,RECEIVE,40,90
21:38:15.936,2,RECEIVE,40,155
21:38:16.1,14,RECEIVE,40,123
21:38:16.154,14,RECEIVE,40,146
21:38:16.273,39,RECEIVE,40,125
21:38:16.410,1,RECEIVE,40,93
21:38:16.553,16,RECEIVE,40,90
21:38:16.646,18,RECEIVE,40,150
21:38:16.774,36,RECEIVE,40,185
21:38:16.867,25,RECEIVE,40,160
21:38:17.38,11,RECEIVE,40,162
21:38:17.172,21,RECEIVE,40,180
21:38:17.254,18,RECEIVE,40,104
21:38:17.377,31,RECEIVE,40,141
21:38:17.540,13,RECEIVE,40,149
21:38:17.652,20,RECEIVE,40,114
21:38:17.763,3,RECEIVE,40,177
21:38:17.876,36,RECEIVE,40,138
21:38:17.981,25,RECEIVE,40,149
21:38:18.129,18,RECEIVE,40,134
21:38:18.269,29,RECEIVE,40,179
21:38:18.348,10,RECEIVE,40,181
21:38:18.493,40,RECEIVE,40,98
21:38:18.636,15,RECEIVE,40,134
21:38:18.766,19,RECEIVE,40,170
21:38:18.869,5,RECEIVE,40,183
21:38:18.966,34,RECEIVE,40,147
21:38:19.55,31,RECEIVE,40,93
21:38:19.267,32,RECEIVE,40,162
21:38:19.346,12,RECEIVE,40,89
21:38:19.460,9,RECEIVE,40,163
21:38:19.571,28,RECEIVE,40,159
21:38:19.737,5,RECEIVE,40,137
21:38:19.857,19,RECEIVE,40,93
21:38:19.960,31,RECEIVE,40,85
21:38:20.65,20,RECEIVE,40,92
21:38:20.195,35,SEND,40,84
21:38:20.346,23,RECEIVE,40,109
21:38:20.450,21,RECEIVE,40,158
21:38:20.570,12,RECEIVE,40,122
21:38:20.687,38,RECEIVE,40,152
21:38:20.848,17,RECEIVE,40,129
21:38:20.945,22,RECEIVE,40,131
21:38:21.78,15,RECEIVE,40,173
21:38:21.176,36,RECEIVE,40,166
21:38:21.331,3,RECEIVE,40,98
21:38:21.449,23,RECEIVE,40,156
21:38:21.577,6,RECEIVE,40,171
21:38:21.657,36,RECEIVE,40,181
21:38:21.789,15,RECEIVE,40,173
21:38:21.958,34,RECEIVE,40,111
21:38:22.54,18,RECEIVE,40,154
21:38:22.167,7,RECEIVE,40,116
21:38:22.263,26,RECEIVE,40,140
21:38:22.416,5,RECEIVE,40,92
21:38:22.570,24,RECEIVE,40,119
21:38:22.673,12,RECEIVE,40,98
21:38:22.773,40,RECEIVE,40,166
21:38:22.867,21,RECEIVE,40,175
21:38:23.27,18,RECEIVE,40,144
21:38:23.180,2,RECEIVE,40,149
21:38:23.258,4,RECEIVE,40,152
21:38:23.377,28,RECEIVE,40,126
21:38:23.561,35,RECEIVE,40,179
21:38:23.647,27,RECEIVE,40,135
21:38:23.763,10,RECEIVE,40,134
21:38:23.859,5,RECEIVE,40,87
21:38:23.984,27,RECEIVE,40,159
21:38:24.158,27,RECEIVE,40,143
21:38:24.263,17,RECEIVE,40,148
21:38:24.353,4,RECEIVE,40,164
21:38:24.460,27,RECEIVE,40,172
21:38:24.644,37,RECEIVE,40,139
21:38:24.754,22,RECEIVE,40,136
21:38:24.861,26,RECEIVE,40,108
21:38:24.956,23,RECEIVE,40,171
21:38:25.122,7,RECEIVE,40,99
21:38:25.242,24,RECEIVE,40,183
21:38:25.362,23,RECEIVE,40,137
21:38:25.475,9,RECEIVE,40,156
21:38:25.579,32,RECEIVE,40,175
21:38:25.740,29,RECEIVE,40,113
21:38:25.863,28,RECEIVE,40,141
21:38:25.943,9,RECEIVE,40,139
21:38:26.92,36,RECEIVE,40,146
21:38:26.230,9,RECEIVE,40,141
21:38:26.366,32,RECEIVE,40,132
21:38:26.453,17,RECEIVE,40,127
21:38:26.576,31,RECEIVE,40,89
21:38:26.669,16,RECEIVE,40,162
21:38:26.857,38,RECEIVE,40,95
21:38:26.965,33,RECEIVE,40,164
21:38:27.51,18,RECEIVE,40,154
21:38:27.221,5,RECEIVE,40,97
21:38:27.371,35,RECEIVE,40,108
21:38:27.484,37,RECEIVE,40,105
21:38:27.575,33,RECEIVE,40,183
21:38:27.659,27,RECEIVE,40,156
21:38:27.790,21,SEND,40,160
21:38:27.935,2,RECEIVE,40,87
21:38:28.62,13,RECEIVE,40,176
21:38:28.195,26,RECEIVE,40,180
21:38:28.280,21,RECEIVE,40,140
21:38:28.440,36,RECEIVE,40,90
21:38:28.562,26,RECEIVE,40,104
21:38:28.651,9,RECEIVE,40,160
21:38:28.764,40,RECEIVE,40,88
21:38:28.946,12,RECEIVE,40,124
21:38:29.31,20,RECEIVE,40,114
21:38:29.177,7,RECEIVE,40,182
21:38:29.272,17,RECEIVE,40,169
21:38:29.374,25,RECEIVE,40,133
21:38:29.572,15,RECEIVE,40,126
21:38:29.657,4,RECEIVE,40,166
21:38:29.774,1,RECEIVE,40,123
21:38:29.859,23,RECEIVE,40,98
21:38:30.32,33,RECEIVE,40,128
21:38:30.117,37,RECEIVE,40,129
21:38:30.276,14,RECEIVE,40,132
21:38:30.337,20,RECEIVE,40,142
21:38:30.440,36,RECEIVE,40,99
21:38:30.621,3,RECEIVE,40,109
21:38:30.765,18,RECEIVE,40,138
21:38:30.862,21,RECEIVE,40,139
21:38:30.989,13,RECEIVE,40,182
21:38:31.133,36,RECEIVE,40,148
21:38:31.252,17,RECEIVE,40,124
21:38:31.351,5,RECEIVE,40,112
21:38:31.477,25,RECEIVE,40,134
21:38:31.573,39,SEND,40,146
21:38:31.750,14,RECEIVE,40,168
21:38:31.837,4,RECEIVE,40,183
21:38:31.972,10,RECEIVE,40,150
21:38:32.65,23,RECEIVE,40,91
21:38:32.228,3,RECEIVE,40,163
21:38:32.350,34,RECEIVE,40,88
21:38:32.454,4,RECEIVE,40,127
21:38:32.568,30,RECEIVE,40,164
21:38:32.741,15,RECEIVE,40,176
21:38:32.856,31,RECEIVE,40,134
21:38:32.944,11,RECEIVE,40,91
21:38:33.67,5,RECEIVE,40,132
21:38:33.189,21,RECEIVE,40,152
21:38:33.344,34,RECEIVE,40,179
21:38:33.474,29,RECEIVE,40,124
21:38:33.556,2,RECEIVE,40,177
21:38:33.685,20,SEND,40,84
21:38:33.835,10,RECEIVE,40,130
21:38:33.957,29,RECEIVE,40,124
21:38:34.59,8,RECEIVE,40,161
21:38:34.161,29,RECEIVE,40,151
21:38:34.260,9,RECEIVE,40,101
21:38:34.442,34,RECEIVE,40,142
21:38:34.547,9,RECEIVE,40,94
21:38:34.672,39,RECEIVE,40,181
21:38:34.760,26,RECEIVE,40,162
21:38:34.901,23,RECEIVE,40,112
21:38:35.51,18,RECEIVE,40,103
21:38:35.144,9,RECEIVE,40,109
21:38:35.267,23,RECEIVE,40,157
21:38:35.374,15,RECEIVE,40,92
21:38:35.561,29,RECEIVE,40,113
21:38:35.642,22,RECEIVE,40,136
21:38:35.769,21,RECEIVE,40,133
21:38:35.836,24,RECEIVE,40,107
21:38:36.3,34,RECEIVE,40,181
21:38:36.176,23,RECEIVE,40,130
21:38:36.250,5,RECEIVE,40,89
21:38:36.369,27,RECEIVE,40,122
21:38:36.520,1,RECEIVE,40,123
21:38:36.658,27,RECEIVE,40,144
21:38:36.746,8,RECEIVE,40,110
21:38:36.889,4,RECEIVE,40,97
21:38:37.18,17,RECEIVE,40,110
21:38:37.149,11,RECEIVE,40,139
21:38:37.275,7,RECEIVE,40,184
21:38:37.414,1,RECEIVE,40,132
21:38:37.481,29,RECEIVE,40,106
21:38:37.624,6,RECEIVE,40,137
21:38:37.751,18,RECEIVE,40,100
21:38:37.852,8,RECEIVE,40,139
21:38:37.983,35,RECEIVE,40,173
21:38:38.72,15,RECEIVE,40,143
21:38:38.199,5,RECEIVE,40,100
21:38:38.360,20,RECEIVE,40,183
21:38:38.478,13,RECEIVE,40,161
21:38:38.570,25,RECEIVE,40,146
21:38:38.757,33,RECEIVE,40,173
21:38:38.852,1,RECEIVE,40,104
21:38:38.963,8,RECEIVE,40,152
21:38:39.100,32,RECEIVE,40,183
21:38:39.189,2,RECEIVE,40,180
21:38:39.357,33,RECEIVE,40,173
21:38:39.450,24,RECEIVE,40,114
21:38:39.564,4,RECEIVE,40,111
21:38:39.659,10,RECEIVE,40,99
21:38:39.828,3,RECEIVE,40,153
21:38:39.977,28,RECEIVE,40,130
21:38:40.46,13,RECEIVE,40,139
21:38:40.166,3,RECEIVE,40,108
21:38:40.285,26,SEND,40,98
21:38:40.451,29,RECEIVE,40,132
21:38:40.550,25,RECEIVE,40,161
21:38:40.667,9,RECEIVE,40,92
21:38:40.825,13,RECEIVE,40,131
21:38:40.924,18,RECEIVE,40,117
21:38:41.57,7,RECEIVE,40,166
21:38:41.148,4,RECEIVE,40,108
21:38:41.286,26,RECEIVE,40,151
21:38:41.418,10,RECEIVE,40,180
21:38:41.559,28,RECEIVE,40,168
21:38:41.662,31,RECEIVE,40,164
21:38:41.773,37,RECEIVE,40,106
21:38:41.878,19,RECEIVE,40,180
21:38:42.62,29,RECEIVE,40,151
21:38:42.167,39,RECEIVE,40,122
21:38:42.247,4,RECEIVE,40,169
21:38:42.384,34,RECEIVE,40,167
21:38:42.541,10,RECEIVE,40,140
21:38:42.663,24,RECEIVE,40,127
21:38:42.755,27,RECEIVE,40,184
21:38:42.894,10,RECEIVE,40,90
21:38:42.983,12,RECEIVE,40,160
21:38:43.140,34,RECEIVE,40,116
21:38:43.267,11,RECEIVE,40,140
21:38:43.371,31,RECEIVE,40,106
21:38:43.469,22,RECEIVE,40,160
21:38:43.644,35,RECEIVE,40,158
21:38:43.774,25,RECEIVE,40,165
21:38:43.821,36,RECEIVE,40,142
21:38:44.0,39,RECEIVE,40,167
21:38:44.83,34,SEND,40,138
21:38:44.245,32,RECEIVE,40,112
21:38:44.366,14,RECEIVE,40,140
21:38:44.445,32,RECEIVE,40,170
21:38:44.594,37,RECEIVE,40,155
21:38:44.754,38,RECEIVE,40,127
21:38:44.871,21,RECEIVE,40,170
21:38:44.940,38,RECEIVE,40,109
21:38:45.65,29,RECEIVE,40,121
21:38:45.218,11,RECEIVE,40,147
21:38:45.371,19,RECEIVE,40,106
21:38:45.459,3,RECEIVE,40,99
21:38:45.575,38,RECEIVE,40,167
21:38:45.662,21,RECEIVE,40,136
21:38:45.835,2,RECEIVE,40,167
21:38:45.959,25,RECEIVE,40,107
21:38:46.79,9,RECEIVE,40,87
21:38:46.168,32,RECEIVE,40,101
21:38:46.338,33,RECEIVE,40,173
21:38:46.447,35,RECEIVE,40,101
21:38:46.565,20,RECEIVE,40,116
21:38:46.652,8,RECEIVE,40,153
21:38:46.799,25,RECEIVE,40,153
21:38:46.944,16,RECEIVE,40,181
21:38:47.45,18,RECEIVE,40,165
21:38:47.156,6,RECEIVE,40,124
21:38:47.282,33,RECEIVE,40,111
21:38:47.417,4,RECEIVE,40,108
21:38:47.564,26,RECEIVE,40,174
21:38:47.643,14,RECEIVE,40,96
21:38:47.777,35,RECEIVE,40,123
21:38:47.885,22,SEND,40,68
21:38:48.41,5,RECEIVE,40,174
21:38:48.169,7,RECEIVE,40,115
21:38:48.271,3,RECEIVE,40,95
21:38:48.371,14,RECEIVE,40,113
21:38:48.735,3,RECEIVE,40,169
21:38:48.833,28,RECEIVE,40,133
21:38:49.288,25,RECEIVE,40,118
21:38:49.294,17,RECEIVE,40,101
21:38:49.965,32,RECEIVE,40,101
21:38:49.971,5,RECEIVE,40,172
21:38:52.67,28,RECEIVE,40,127
21:38:52.73,14,RECEIVE,40,88
21:38:52.78,7,RECEIVE,40,131
21:38:52.83,29,RECEIVE,40,179
21:38:52.89,17,SEND,40,86
21:38:56.278,25,RECEIVE,40,117
21:38:56.283,21,RECEIVE,40,182
21:38:56.288,1,RECEIVE,40,137
21:38:56.294,37,RECEIVE,40,88
21:38:56.300,8,RECEIVE,40,123
21:39:5.736,34,RECEIVE,40,123
21:39:5.742,29,RECEIVE,40,100
21:39:5.747,19,RECEIVE,40,112
21:39:5.753,15,RECEIVE,40,172
21:39:5.759,10,RECEIVE,40,182
21:39:5.785,7,RECEIVE,40,145
21:39:5.790,39,RECEIVE,40,89
21:39:5.797,24,RECEIVE,40,145
21:39:5.803,30,RECEIVE,40,158
21:39:15.497,40,RECEIVE,40,116
21:39:15.504,25,RECEIVE,40,139
21:39:15.511,5,RECEIVE,40,158
21:39:15.518,1,RECEIVE,40,151
21:39:15.525,29,RECEIVE,40,159
21:39:15.533,7,RECEIVE,40,151
21:39:15.541,33,RECEIVE,40,140
21:39:16.227,34,RECEIVE,40,91
21:39:16.551,24,RECEIVE,40,91
21:39:17.640,24,RECEIVE,40,184
21:39:19.548,35,SEND,40,120
21:39:21.547,29,SEND,40,148
21:39:23.556,24,RECEIVE,40,175
21:39:25.591,14,RECEIVE,40,140
21:39:27.616,14,RECEIVE,40,180
21:39:31.545,34,SEND,40,95
21:39:35.549,24,RECEIVE,40,113
21:39:42.545,33,SEND,40,122
